CGPA_Bin,Avg_Depression_Score
"[2.4, 2.6)",2.4
"[2.6, 2.8)",1.7391304347826086
"[2.8, 3.0)",2.261648745519713
"[3.0, 3.2)",2.410025706940874
"[3.2, 3.4)",2.2685867381111855
"[3.4, 3.6)",2.227450980392157
"[3.6, 3.8)",2.245398773006135
"[3.8, 4.0)",2.2222222222222223
